delivery_id,algorithm,fuel_consumption,delivery_time
0,control,9.11280776310693,24.192081242123802
1,control,11.573171070549726,26.085231910874096
2,control,8.613749877886855,28.697430822395713
3,control,10.070679230117301,28.00729011111546
4,control,9.18738696384247,29.008186088271028
5,control,12.360453860264473,30.560271692518462
6,control,9.633887110213008,19.185614463356565
7,control,10.658111121406439,24.97576525479382
8,control,9.751145469387914,32.09349017420001
9,control,8.903274226510847,27.70142570444673
10,control,9.053387238916136,31.393945309443648
11,control,11.605158196055886,31.79533387491026
12,control,9.380836296365828,31.46511061588268
13,control,8.667597461818366,32.93061943862286
14,control,9.290640291496098,32.207428629544275
15,control,7.671580766230601,27.877533173176708
16,control,8.260092773274444,35.19132139200831
17,control,7.892939410915836,34.65384514791555
18,control,8.776061877462752,26.67457886521724
19,control,7.065112561638536,31.49142721591793
20,control,14.666319769397447,19.090259933629838
21,control,10.86750138242697,38.04948250260342
22,control,9.387481947123849,30.848592323249136
23,control,13.776624696645182,27.000062654574727
24,control,12.043996104464114,35.97953880391992
25,control,11.849128358258385,29.43501361087706
26,control,8.679640398285965,35.29238726423503
27,control,10.60779344353852,44.211079882647994
28,control,7.7489337338658295,30.523450052248602
29,control,10.043751293940336,29.18585736798873
30,control,12.017225552956262,25.97181199665677
31,control,10.863155171390266,32.424704589336194
32,control,9.328578036064926,29.462022703634286
33,control,12.156970770947858,37.607405086893664
34,control,10.037106915556539,31.46298522971452
35,control,9.388521749651783,22.168504383517732
36,control,10.167870921276032,24.443673188212365
37,control,11.598371362199863,13.970995490962586
38,control,10.008003006357553,28.264891396771482
39,control,7.8909515609772125,26.650464915534968
40,control,10.708590408294942,33.700139412635906
41,control,7.357272528440701,31.278405502486933
42,control,7.0023227383346995,25.0340247694705
43,control,10.246831162173914,35.12974437050899
44,control,7.279732802028821,33.624273100161815
45,control,8.29753057413614,24.510548487218763
46,control,8.788126549691608,28.456092344738977
47,control,10.843276997677103,26.884534250727512
48,control,9.533881622789066,28.777242239388304
49,control,9.499909793034229,33.07389025287476
50,control,11.321051653840605,28.528773154870834
51,control,11.977823288119614,28.736826444135414
52,control,12.141692454908862,20.311756722020583
53,control,9.484090075986098,30.75607171598903
54,control,10.556925488381632,36.00798205023122
55,control,9.228234730158785,27.048849050043778
56,control,11.336748475122414,35.18331864469982
57,control,12.946945755409962,28.78501429282998
58,control,8.470122282527,27.801222767740022
59,control,12.765758967912003,28.22184546633056
60,control,10.17135838713427,26.567028566996477
61,control,7.9940591532005385,34.97784531886719
62,control,10.02635978705556,32.67248334635699
63,control,8.453904547941088,24.837031440628323
64,control,11.318569775859824,24.555175178647083
65,control,12.111804854210947,23.508389731394267
66,control,11.640337721440712,29.258511016503757
67,control,11.035849986693329,20.15245844347972
68,control,7.31600691177672,28.03453530501832
69,control,9.882204885352863,21.875289260580793
70,control,12.188675834069816,29.846072549184342
71,control,8.737277361142077,32.88228238570372
72,control,9.869187048314085,32.209356507299326
73,control,9.23275626299465,32.75041767105575
74,control,8.41410823649516,39.90203270811577
75,control,10.78004808522306,28.91244402673871
76,control,8.878261383468654,34.38577584487757
77,control,6.929766383008699,24.07337506403252
78,control,7.531486979734629,33.63832973263777
79,control,9.976547176646434,40.130811190682095
80,control,9.514673083550663,34.984707345020226
81,control,10.886119059188033,34.77035294947399
82,control,12.21694999598569,29.82090348903734
83,control,9.519672517525274,27.489480840933393
84,control,10.10101248866627,22.106812523396147
85,control,9.055729611760192,38.16931930724825
86,control,11.142108947851813,31.062378880410773
87,control,7.41427977143961,35.59724380967644
88,control,7.201315161713927,21.03111323076916
89,control,10.315964255011968,24.09641448077629
90,control,10.407205840380515,31.860106274542485
91,control,10.62939043111864,29.138721294068247
92,control,8.631934172973008,33.993194554998226
93,control,9.362778935487237,31.13616760108807
94,control,12.293044368833016,28.115432644001384
95,control,11.108376577650285,27.78355597366489
96,control,10.508074011283858,31.581136023136015
97,control,8.141295282097007,30.05490268308864
98,control,9.196779943205922,35.377462963013684
99,control,12.221505656151782,27.55096468032811
100,control,11.610092877093702,31.04463917933644
101,control,10.536065250319428,33.522529612753395
102,control,11.415568305520319,36.66339851568295
103,control,8.882932382227565,28.050869014232056
104,control,9.386297203627588,29.033307379042512
105,control,9.319189514049041,33.56269239535009
106,control,7.213193697450592,30.211397633206495
107,control,11.13796835636501,26.659377388571546
108,control,7.8583409622432425,27.97770029781284
109,control,9.204212068577874,30.96471812520394
110,control,12.575553248678858,27.103297304095037
111,control,8.706986552475158,27.824735329958262
112,control,8.495651192068538,22.711674502922044
113,control,8.320906331292916,20.9054458796027
114,control,9.71755223081622,30.469565586432985
115,control,9.014802798041385,28.556604104612553
116,control,10.565598020533553,31.27094785535302
117,control,10.925958297785254,35.57017214389514
118,control,9.89233486459188,39.93219477730315
119,control,8.577325199279672,31.44067345077247
120,control,9.231362051224865,24.958505812744882
121,control,11.481385087080707,22.800891360837284
122,control,6.881447961666665,26.866193944002596
123,control,7.706233434588352,30.61536311146788
124,control,10.295444917100799,28.366764669466292
125,control,11.387084923918213,31.4624725388634
126,control,8.612680576598262,38.07133625677847
127,control,11.652668040713877,24.261769146628165
128,control,10.981327860354927,30.849781771376367
129,control,10.898446106936959,32.64085855563357
130,control,9.78349163037496,25.079938918713847
131,control,10.604003853828212,27.35292373715822
132,control,10.562668830475893,28.389609190471127
133,control,10.899270453638712,26.936858136721682
134,control,10.56624342880548,27.463428884454665
135,control,9.15796199985717,35.201788060225766
136,control,8.5839629628635,31.034238830511267
137,control,11.010273661424668,19.29054570596014
138,control,8.560167152769113,27.074515225498455
139,control,7.779309114866513,29.017405217476842
140,control,11.442048242512946,25.11089910862166
141,control,10.211628232145552,29.330396129028586
142,control,10.852524479285389,31.455900681415805
143,control,7.890563450625622,33.809168383067615
144,control,11.92298466276086,31.63395727945017
145,control,7.605384718161298,23.68718653251478
146,control,7.102811159938225,26.848595923796545
147,control,11.228804942898574,26.11274851611977
148,control,11.163817145889716,31.67669789562764
149,control,9.202644139628246,23.862437603823516
150,control,8.155667129321571,30.959665215451945
151,control,8.185218309620414,34.98928019639952
152,control,9.797460063837638,34.23092773841621
153,control,8.329643188794654,36.02058373620929
154,control,9.383387385401212,31.894892132408334
155,control,8.057496560237684,34.95590254374937
156,control,11.489827768658724,36.29145422039269
157,control,10.903402859898566,19.9809733738821
158,control,9.86978476408732,25.348273769310158
159,control,10.243254075398392,33.574567244126364
160,control,8.297572635823698,29.29330155887766
161,control,10.772205300228046,30.043110854844084
162,control,10.23962716759997,31.919042602142408
163,control,12.950944367523988,31.188656996391522
164,control,12.173593263352974,37.770759888325685
165,control,10.685295031059093,22.527405031841056
166,control,10.497852174105502,23.85998466216396
167,control,11.420851235602237,33.148166288707145
168,control,10.697884584581505,28.665529392203602
169,control,8.661294225466028,23.049365519250337
170,control,9.998161855657829,25.038199786377064
171,control,8.572702682183506,28.000164684721607
172,control,11.29770997763892,33.31580048836035
173,control,12.531492635688695,30.740718212078733
174,control,8.608486062541028,29.77987894905668
175,control,11.306278119678588,29.884135991792622
176,control,10.631460210805155,32.76646549272846
177,control,10.549409223306458,26.522020851253743
178,control,8.763686503048497,38.22587456531109
179,control,10.310784888841017,42.331087703149635
180,control,11.143954143622766,31.83279652875063
181,control,9.384659770250003,21.903878105834917
182,control,8.06694629543495,30.957918071572543
183,control,9.17167762193716,27.680516542188865
184,control,8.888128457527714,30.256099207225738
185,control,9.353071551581017,34.15453735290853
186,control,10.017185798534749,31.265477668924955
187,control,8.198628298021694,28.28031512187196
188,control,10.574874437523622,26.556274335294248
189,control,11.953860384422786,28.773922117901154
190,control,9.974861753457573,31.52674334866815
191,control,8.563869854003803,22.713925991181217
192,control,10.96617524663439,40.67269862521369
193,control,10.365007793081562,34.256807162301016
194,control,9.975601465475913,32.105615069253595
195,control,10.178623229906862,36.35257293754923
196,control,7.804148997003762,35.11311415488738
197,control,11.139319185792488,21.34529499566277
198,control,11.889958679710123,30.442282846882172
199,control,8.634874871937448,23.79937175445516
200,control,6.57136648997417,32.99545368526516
201,control,9.84237273635969,28.681690806484994
202,control,9.393683460517458,31.932791220172426
203,control,11.095390309308577,23.882123585215318
204,control,9.092189144922566,28.924236984830276
205,control,7.896962926014043,32.93228225296156
206,control,10.844121443548387,37.65428196888653
207,control,9.106357268131694,30.33514489432821
208,control,7.232106254341906,24.918775389853117
209,control,10.466559256642848,18.255130764932375
210,control,10.148180825243463,31.581194996277876
211,control,9.345723842931765,26.707389481120302
212,control,13.74426438529045,24.083492886254284
213,control,9.40079754342826,24.7398981138033
214,control,7.721975755025553,29.526574929018608
215,control,9.912664739828491,27.776918171267134
216,control,8.795045824006257,30.403462945861087
217,control,10.605415502097825,29.415683350406418
218,control,11.473664410486457,30.657558719469897
219,control,11.170949804628844,32.93351877756744
220,control,8.237776021419377,37.75511532461555
221,control,10.42807349382556,39.691741698424416
222,control,9.627344781224581,29.724421146687124
223,control,10.468388578058626,24.351174360751262
224,control,10.450292791563319,24.58377043942963
225,control,8.491241682133918,28.771525706717032
226,control,8.244910857796832,29.890135327304737
227,control,10.692352624179447,31.679906482782442
228,control,10.712591776214346,25.15984116827414
229,control,11.620235952126064,24.44476847032746
230,control,6.829626359213109,36.11619895858659
231,control,9.35166335049525,26.308315794050106
232,control,10.421278761391092,31.205967667012484
233,control,10.483379124503303,32.124910125002025
234,control,8.96226039300559,33.88535024551742
235,control,8.938253931372374,26.453685396796924
236,control,11.704273000789605,23.347954923926633
237,control,7.2009271411538025,37.618567448513645
238,control,11.579138868559276,30.132610319701868
239,control,11.83979878079441,27.033788852378358
240,control,9.021500227729625,27.90320820452777
241,control,10.37275254022382,18.079685849074796
242,control,10.157485935154986,24.375622141922552
243,control,10.904208574870491,33.85920067251046
244,control,10.207983600430865,26.163787636261198
245,control,11.185965900176168,30.132511914652014
246,control,9.6363760912733,18.745089206527837
247,control,11.335235355563405,29.293657133498815
248,control,10.083213157112612,36.81773810750274
249,control,7.65968104367942,35.13386246188988
250,control,7.543085575777379,27.395885789269258
251,control,10.357900214752307,32.935546026315826
252,control,7.445631614699264,39.77787227482547
253,control,12.15885545058719,30.45552450186032
254,control,12.987782012490305,23.332351548983805
255,control,10.290146913723856,29.526810184873476
256,control,8.3585762649591,32.344042144735745
257,control,11.355528549368795,36.78781519961309
258,control,12.590366935296734,32.461430849401275
259,control,8.787366207342462,24.475484374493327
260,control,15.490733052057328,28.51688027485156
261,control,8.681544290330717,33.32706455663822
262,control,9.155125613027861,27.970605101906504
263,control,11.642611779534983,26.75015033514142
264,control,8.783013774940782,33.760232890230284
265,control,9.86882754103258,37.00151853655733
266,control,8.178473197049264,28.77972056188874
267,control,11.347172458674237,35.83152527463078
268,control,10.7879183164213,22.413481241010192
269,control,11.62589029820528,27.874599903744826
270,control,11.1404628080427,33.607290743072795
271,control,10.78724029707289,21.538758242859245
272,control,8.829963330751136,28.111186722524806
273,control,9.327470122914873,27.170133173378694
274,control,9.374864686732717,40.777062422802004
275,control,10.319034162888945,31.94820429370307
276,control,8.414406345407482,24.30148284592181
277,control,9.968128941584403,28.343501517163848
278,control,7.782210319831954,26.809752702543463
279,control,11.417647454814691,27.57660432989935
280,control,10.566286162498264,39.3276129556652
281,control,6.831380136508038,35.14840664393903
282,control,10.821555291509657,26.847053929274683
283,control,11.13736790768187,34.135695638755266
284,control,12.05966755613795,25.365725309161768
285,control,9.657600145143062,30.56342582767482
286,control,8.916222874467728,32.10286943222388
287,control,9.516218920425079,30.124761666076928
288,control,9.698167909981724,36.31099360297844
289,control,9.427183023184375,27.704549834933914
290,control,12.410024110939952,28.03432518738703
291,control,11.08012861238169,30.764493759186127
292,control,9.550161978342402,18.582923272706378
293,control,8.921303622754087,35.75292706672266
294,control,10.365851772276368,28.649762619502248
295,control,8.289682099397227,31.626261298591004
296,control,11.169930892550713,25.838787299079225
297,control,8.881821370653396,26.635460903528696
298,control,9.36665134678506,39.62867256189468
299,control,10.973484162265812,29.116456227907843
300,control,8.90125025402604,31.865728428412687
301,control,8.980549651078984,32.0107362060945
302,control,10.32926469672235,28.333490832194027
303,control,10.24455759974856,24.35740006428587
304,control,11.154825473542719,27.76266986510171
305,control,9.865709609784492,24.83868989234982
306,control,9.626211989104284,31.567797148210833
307,control,9.57637209711144,28.12973829243081
308,control,8.347896259921065,30.271859862464314
309,control,6.829359970816971,33.414468516272464
310,control,10.359405992280335,42.38817196153411
311,control,9.188973205421732,26.722840926485272
312,control,7.023141322457427,29.93326089884639
313,control,8.10688357730487,26.41518661278306
314,control,10.570659950618888,22.63358831626263
315,control,9.599300976973314,25.806636875648763
316,control,11.331436509901444,37.04374087188804
317,control,7.284237967444917,28.40885778614409
318,control,9.262403368562302,23.490893174103967
319,control,11.085955954254002,32.83207086334294
320,control,10.799264899558297,28.285771855158455
321,control,10.032612595930164,37.62601496634501
322,control,7.1953454963631565,35.09113497879662
323,control,10.602886822908667,35.1792162935176
324,control,9.722461549205471,29.825201597252548
325,control,11.779390456163707,36.87741842728856
326,control,12.69659411792071,27.584978365710178
327,control,9.034038296203892,32.61037377296405
328,control,9.287609851961104,26.346571693705172
329,control,11.202961651087822,24.41629225874542
330,control,9.985147064004842,26.30045123820307
331,control,10.064153249700523,23.94180183414276
332,control,9.38397602322009,41.16648064344935
333,control,8.645132916115301,27.704528656785513
334,control,11.892456924660355,33.18932535980131
335,control,7.7333533834478025,34.90395470250461
336,control,8.302260999010576,20.87260698152562
337,control,8.94593422400162,28.232766416028092
338,control,9.883928556170696,22.555795870514988
339,control,9.003538943750554,22.682150931102054
340,control,11.057045205667016,30.876026488320957
341,control,9.779317399769525,28.039940994126827
342,control,10.024976213070136,30.56837128252241
343,control,9.95563816025807,32.45894340675852
344,control,10.347685502129844,37.406289835898455
345,control,8.265326749019682,34.493788532789374
346,control,11.400891770029363,25.44034648822147
347,control,9.410401272669743,36.293276483987604
348,control,8.671301250559779,24.28489812719142
349,control,9.73336366053685,23.90973062237351
350,control,9.428504471030468,31.637562337460118
351,control,10.270107418871985,20.438954314065732
352,control,10.477776128864134,28.290625906987493
353,control,10.280495481561193,26.777393922190665
354,control,9.958091652530626,26.129911468257465
355,control,8.361323772496144,18.972376336067995
356,control,10.947001277175085,27.76760255793467
357,control,8.028234917698963,31.193062793446316
358,control,12.709004798729502,30.960631657703626
359,control,8.448603088578706,22.048510870640637
360,control,8.306169378420254,38.65790544214314
361,control,10.171560559727732,28.255026214379992
362,control,10.41438765706435,22.720742415860986
363,control,9.717424946520548,31.784126345100013
364,control,10.782815507968465,36.905776236827776
365,control,9.212905963768078,25.14425585898133
366,control,11.183994208029196,32.023538514467006
367,control,10.418156108628146,25.76083577062242
368,control,11.115136208447096,33.491055577364314
369,control,7.034739235997598,31.31377920467526
370,control,11.79523357070153,30.347828937315874
371,control,10.697937992116088,21.054983266969224
372,control,10.045246647205484,29.099447233649737
373,control,10.50496650024535,40.72961593472605
374,control,10.407905676445147,25.56082481087758
375,control,9.030797002672562,26.103605244059167
376,control,9.433725191716487,29.992846953625932
377,control,8.526483667657875,24.85968325031091
378,control,8.852418614095232,34.72154223311012
379,control,8.138721282826994,29.83599981903351
380,control,9.81797167990189,26.359030761824165
381,control,9.179457696399831,31.483787154037476
382,control,9.374306845101387,38.0139212568999
383,control,12.023259236238694,36.117150626602836
384,control,11.158438346374632,20.958991182947496
385,control,9.052000704574215,47.56976547928145
386,control,8.87758886737126,24.102213093245734
387,control,9.494913946630493,32.05632726925876
388,control,8.616845367696811,33.90715053749283
389,control,9.598094351835412,32.36503444792941
390,control,6.792669983578979,31.35082091709532
391,control,11.167770205441903,30.60801826361852
392,control,7.761715337183237,30.161358926565853
393,control,10.937926113134687,31.492044393000953
394,control,12.183834956712552,27.146989851680384
395,control,10.719677783100312,33.990896229814915
396,control,12.567700247391702,33.92919694162811
397,control,10.346532436024342,31.865493305764467
398,control,9.767734604701953,26.738893851042043
399,control,6.945521417476996,29.45063624426735
400,control,10.748047752305748,29.608916836303127
401,control,12.264036988298862,22.100721131858144
402,control,8.403063509519717,22.963931396354837
403,control,10.421471889265927,32.814604731044085
404,control,10.609306270920289,31.010314474262024
405,control,7.832324178405069,36.824209530488915
406,control,7.348580934176147,26.860019529090184
407,control,10.442528769494583,36.37416035957529
408,control,10.555648052286674,27.759565544590757
409,control,8.889335106297004,27.881496436545543
410,control,10.797154745231207,25.72847853548447
411,control,10.96807969257684,25.08586872550196
412,control,9.933838354202736,33.54679459510391
413,control,8.80838068733668,30.62274335066786
414,control,10.286488547021442,35.73598787795653
415,control,9.790510612467788,30.263516373128965
416,control,12.630758195173467,34.271210334882106
417,control,10.150121755769183,34.82321478092712
418,control,10.364376339773042,36.7752588847945
419,control,10.595332893179142,31.10456468902474
420,control,14.100844117032086,30.12931773534874
421,control,9.984923278120323,27.171287837612816
422,control,12.939012980909233,23.608845921207863
423,control,12.284360940677832,29.490807604493902
424,control,12.503732582033907,34.73492052817402
425,control,9.710280633817028,27.01018351318853
426,control,8.627638709827892,28.334751677593246
427,control,11.53479120823772,39.08762191800842
428,control,10.093319805657353,31.203952532655954
429,control,10.934712221702519,39.26336047040671
430,control,9.631094851720219,32.06901215299291
431,control,9.847411473984979,31.988051860358798
432,control,11.223430940955375,37.07971195733419
433,control,12.297394922718157,32.95849040955549
434,control,12.341169610332335,41.42815060747286
435,control,11.057614987609327,33.67558243307808
436,control,8.31312661625233,32.24590891270817
437,control,10.418906097513183,33.276809394976915
438,control,9.917913788334259,19.918856992125797
439,control,11.49815642507591,20.820323909693897
440,control,9.536010811032632,20.688979166788442
441,control,10.091086096380327,29.92996248478304
442,control,13.115322328046986,21.785816010979744
443,control,10.253922017326577,36.641410309263534
444,control,13.04865816418756,24.647615002146388
445,control,7.493268946080837,27.196011333977598
446,control,10.164396819770289,33.94290355339402
447,control,10.661282668686823,29.097595444749615
448,control,10.98276156845606,28.81433511585587
449,control,9.682570152963315,31.153785626196875
450,control,11.550572335572515,40.65842062344365
451,control,5.492834484314457,34.72571490195023
452,control,11.887027531491965,24.939466039890952
453,control,11.68158084757157,30.83029507817968
454,control,7.712076404313863,22.300629024704087
455,control,9.587205313488507,38.365288606885116
456,control,8.557543480650933,33.08161415260041
457,control,8.973059873731229,27.584898898283438
458,control,8.886768089811564,30.282277042812904
459,control,9.616900517415901,27.95404087323996
460,control,11.572592772068758,35.46357248961429
461,control,10.582479026061822,38.64435509836328
462,control,10.4370594304662,38.3078021825172
463,control,8.602167536845082,33.89935624660028
464,control,9.871137956915254,23.112010567386278
465,control,8.6676656493235,32.93765001718788
466,control,8.567753159290612,33.8945158366617
467,control,9.442072266477423,35.368586518395105
468,control,10.360818451684588,31.83624671413345
469,control,11.535373801627145,31.72201148012358
470,control,10.731127885512567,30.738179992351956
471,control,7.924681372785728,36.546796474269755
472,control,11.719741619730865,24.82425757557413
473,control,9.38994036670907,30.375182997370153
474,control,11.885913106269413,28.94923247320883
475,control,11.085823637974766,35.50128197034772
476,control,9.009465155877097,33.68336941253256
477,control,10.387792670278198,29.550365036134256
478,control,11.084088319610075,26.920663024540495
479,control,7.7760706496538985,23.273755922931848
480,control,8.953574520452415,30.709054912605712
481,control,7.566282501959153,22.084466657484448
482,control,8.292643570754713,25.301665358665442
483,control,11.13960389700896,25.13038126535628
484,control,9.898102175943057,27.685414002771086
485,control,9.782874237654735,25.637431494364428
486,control,9.203901040538243,22.491066396480104
487,control,10.24061523499496,16.8580607774382
488,control,8.357642433349767,30.3062268286823
489,control,9.28395367383132,36.95108373080518
490,control,11.796849513980398,21.086101721044106
491,control,14.286103525053374,40.75312017508996
492,control,11.764788334602464,28.851894671584194
493,control,11.56077543387718,25.779685226726194
494,control,9.80110920369988,30.16459674180352
495,control,8.696770172559756,29.58419895619758
496,control,9.80606616771051,24.68648217932815
497,control,13.578701269161714,38.381004230986235
498,control,10.871798519615885,22.49037503589394
499,control,10.394310574373424,33.00312601618461
500,control,9.533359725772652,37.263974592038025
501,control,7.910437837941398,32.649172168039335
502,control,9.113183512496592,23.659782411307987
503,control,9.656173481944455,31.259722072789096
504,control,9.090489073129381,28.268026846211782
505,control,10.553030111533467,32.61437957033132
506,control,10.492651482101591,20.24696165314471
507,control,10.445208753255356,30.181706391816846
508,control,7.862447687620638,36.6282634205748
509,control,10.005661048485878,30.217144629170058
510,control,10.327150683201948,31.976937983309234
511,control,10.672064210823786,24.847060270778883
512,control,7.5870071002827855,36.31544689289045
513,control,7.149456563968943,36.74453138347084
514,control,10.195989354030603,27.14875509239205
515,control,11.315841703702386,28.820723738816326
516,control,12.996467007208663,25.20907868461321
517,control,8.117863092328637,33.54602534208607
518,control,10.58858793055641,30.201900426405714
519,control,9.301165338661466,31.277613812140274
520,control,11.111400190367872,33.04333425482438
521,control,9.102360060746744,31.83093565882765
522,control,11.146626025781528,33.59064580611299
523,control,9.90124097410682,24.960937999929946
524,control,11.470830567774522,27.508799495404745
525,control,10.37427451638581,31.427744559410755
526,control,10.706320250603374,30.033772946916827
527,control,8.991502847471434,22.503806506444015
528,control,11.441243627308166,29.628148494635933
529,control,9.317243326178515,32.76427256370923
530,control,9.05106724772532,30.88825937316756
531,control,10.782090038038845,28.387708416140946
532,control,10.895065782864545,35.87016468526494
533,control,9.475197239301163,28.66748611586581
534,control,11.973151844151452,25.2647227701023
535,control,10.250022313562004,38.4969440407639
536,control,10.227952636881374,15.704163666847077
537,control,11.465280562975023,29.2105630927859
538,control,10.240178733011893,33.07219220680951
539,control,13.817205908197401,34.249471538734575
540,control,9.916571004038309,30.84745140590689
541,control,8.143479717050631,34.47948430417224
542,control,8.608931237108047,32.56162662209145
543,control,7.923423084410273,27.94765383634856
544,control,10.432427462154426,27.678521270585733
545,control,9.064026137389174,35.19261106281769
546,control,11.06910053074872,27.42083333756757
547,control,11.20649400924805,35.27857433506643
548,control,9.712722136057906,23.645739006229242
549,control,10.62595383023613,23.69650554650144
550,control,10.748091748043096,26.142791896487786
551,control,10.802270969786647,31.48476888867289
552,control,8.372712570791254,24.071866801488436
553,control,9.949851410634432,31.62126228029405
554,control,10.819426340320076,35.38650570194356
555,control,11.289941012562881,20.264615690096754
556,control,9.105766990370446,24.775694715243368
557,control,9.957429418221896,29.559365298754603
558,control,10.546596312424228,28.56526049815654
559,control,10.694378185562222,31.741456885667628
560,control,10.962705751344638,33.49031111407955
561,control,9.649392174231833,40.8652221953535
562,control,10.609164559326718,33.02362653469745
563,control,9.642092177554677,25.22498676085102
564,control,11.116654030421548,24.11205727423858
565,control,9.70143847796174,33.615206122340794
566,control,10.353377426135745,38.57010006056247
567,control,10.472298969011263,32.94261290368062
568,control,7.061039586174146,31.37410765746982
569,control,9.765379032648768,33.28289498333501
570,control,11.796230680223584,30.202165625814786
571,control,12.377114440562057,24.191318117089455
572,control,10.419334559759022,28.10853285574065
573,control,10.185653519920635,35.78301300361508
574,control,9.834493735644175,20.255125031259585
575,control,8.04741734014836,26.43533948605247
576,control,5.856169198825069,32.15234398969049
577,control,9.783317117374104,26.14476296040709
578,control,7.783939498908258,30.023693742015748
579,control,7.808306868401117,32.718732113713955
580,control,10.751123418033366,33.15053020506694
581,control,11.220819773993385,35.15286404580059
582,control,8.790131165694131,24.19322451994816
583,control,10.453869234757805,28.43924186328489
584,control,10.853221692927512,26.543360939783614
585,control,10.112252869337249,35.850037204202636
586,control,8.418514785942964,36.863337090863446
587,control,9.340732042363186,41.522102163202916
588,control,8.903140156115935,27.449191162206695
589,control,8.84444483268341,31.593858003870377
590,control,10.044036667479675,30.103033881602606
591,control,8.871697796243073,28.307624960892184
592,control,7.685366407838939,34.01708172116927
593,control,10.447957842991753,25.486457725184977
594,control,7.686927865912359,31.372050937331004
595,control,9.434483959822387,27.930337479709557
596,control,11.18201235195518,31.194336217897366
597,control,11.513619874758755,26.96446404808251
598,control,9.761013612513379,31.248986617111306
599,control,9.911300570658957,29.624382376189153
600,control,11.529128429788683,19.947060948444697
601,control,8.524213833974004,34.341766404054425
602,control,10.366372070024577,31.14165240506455
603,control,11.525897452599049,23.967487338925125
604,control,9.269133782773535,30.066992706069893
605,control,6.976499099514215,36.07862626026569
606,control,10.11385269696862,32.063187389281794
607,control,9.277764425818644,33.79912288077537
608,control,11.282642012348912,31.319039383007603
609,control,7.633787550290332,22.966214794336985
610,control,12.18664077600296,26.16735508734164
611,control,11.506477752970337,31.411002682740907
612,control,12.218104137410842,29.979701072288194
613,control,10.420208881520402,30.183364480188988
614,control,8.38831813160071,26.41825765034924
615,control,9.960916382429156,26.337811956024517
616,control,8.846430744499242,21.38914109218865
617,control,7.508900835374798,26.32744827923326
618,control,11.812457281940912,30.37157438553749
619,control,9.758931534402828,30.86170262832745
620,control,8.079513903942248,37.92524656084272
621,control,7.105915280868277,27.588680407037838
622,control,7.561268180136121,38.64583515440955
623,control,8.917615877452453,33.026005456247844
624,control,9.379774529148696,29.383043684313595
625,control,9.97929526729001,31.065958606390215
626,control,10.396181241658866,27.932718681462404
627,control,11.450310543772426,28.09679085989032
628,control,8.967296561295692,34.71031428470384
629,control,9.928431548212378,30.426319309130584
630,control,9.64890331809809,28.0924672980544
631,control,11.479697362779902,31.888704437423257
632,control,9.977359159421196,25.969351295162923
633,control,9.060479797866112,31.817480357447682
634,control,10.759489660410637,39.92122546640418
635,control,9.750388229221599,25.140261575527667
636,control,11.795171871019894,33.42150824435866
637,control,10.427974115613834,27.08169418821686
638,control,10.225400074108501,33.544164291367366
639,control,10.854458791315615,28.281546844026668
640,control,10.53501416164161,27.779314584103442
641,control,10.865847935306821,26.139136504519776
642,control,10.228825678396504,25.61402440086648
643,control,11.403610082178174,24.545714278361313
644,control,8.64720288159833,35.95567963307477
645,control,10.28245781374932,32.81445578320093
646,control,7.750610438051062,31.83449854107309
647,control,8.719917138153622,28.57601276980238
648,control,7.002919205936395,28.586409486095086
649,control,8.773560763572341,37.03928211445183
650,control,8.632864999398166,30.89784716363016
651,control,12.81904604755097,30.18750828396797
652,control,9.933621674486643,26.68115280918319
653,control,8.771986477515295,37.06573729587724
654,control,10.427594484676323,35.74168884053984
655,control,11.313490760053492,31.316198606708486
656,control,10.847342500562844,37.96354871723365
657,control,8.979422236879934,32.29615780417775
658,control,8.848509141177676,32.41509542911152
659,control,8.798068668201022,26.124070697245248
660,control,8.782939710318765,34.30991027205413
661,control,11.371268409874704,27.81568302744263
662,control,11.655135783569417,17.41110026960193
663,control,7.429665556277739,39.53430199589878
664,control,13.310420901557286,37.279816331285346
665,control,11.120250512464088,25.378267366455106
666,control,8.418324655353457,24.405216373515
667,control,7.014590267121135,28.97634238255523
668,control,8.767894598193292,30.976402646416403
669,control,9.410621952653738,29.79249955651674
670,control,8.581192206756976,31.783681448741547
671,control,12.566858132920228,25.724962510644392
672,control,10.950199507698011,26.674846579179036
673,control,10.157272312258538,29.431466831797422
674,control,8.035302863041027,32.01031004739582
675,control,10.047213202547367,30.056284955279338
676,control,11.27075738717264,36.64475624956548
677,control,9.943065185441801,24.609715016181664
678,control,9.693987629925914,34.0993401214735
679,control,10.743154765078938,34.1159940959488
680,control,11.393955349995053,32.91431407209232
681,control,10.87803602722438,20.526898742440867
682,control,7.484708748851874,28.474026937428924
683,control,11.890537164149206,26.170953770533973
684,control,10.580812075105623,30.396251198282517
685,control,12.303607800921489,37.31301012946788
686,control,8.388538485939186,27.519522940882016
687,control,11.730210416239595,35.775467503538906
688,control,9.877125813399672,23.64778762981858
689,control,9.722159823286106,25.942817392710275
690,control,10.077197662639175,33.16796591419176
691,control,10.671473520555814,22.74478015802837
692,control,11.93340992002882,32.948782780345816
693,control,10.158427529944023,30.47314342945633
694,control,9.830116353718376,28.768925184814396
695,control,9.736526414020183,38.27722057486552
696,control,10.930358138444918,28.846568204112756
697,control,10.778741348940349,29.31362738785403
698,control,7.716115717827924,31.42930145752533
699,control,9.652967934488688,30.22221053889486
700,control,7.449885945232895,37.62759680982548
701,control,10.353140831707856,24.97760221919886
702,control,10.341903392624747,27.107459953862946
703,control,9.47569227628545,35.26526101236157
704,control,10.63584788332027,26.822444049371807
705,control,12.537276278146205,25.676065141961878
706,control,11.526263731456503,23.918189021938787
707,control,10.57452135999288,34.78207182598597
708,control,9.37395631079239,33.76378852069685
709,control,10.141102632447936,33.84811852131273
710,control,11.341577674098085,37.68237585339971
711,control,11.420932580115341,38.044133805569174
712,control,12.423460075134477,27.630895525337106
713,control,10.726310551300386,21.860349718728763
714,control,6.519745701153488,27.38433346655144
715,control,9.129308988844343,26.861697880418077
716,control,9.886507322118735,32.9934845858088
717,control,7.554354966990818,28.981470048630765
718,control,10.030019875999436,33.95402323787887
719,control,8.61582512396623,29.83053657342944
720,control,9.859745491949266,24.492572464306
721,control,10.869163171579348,39.39639764055147
722,control,9.805682369725025,27.717508480193356
723,control,9.996897546060305,31.8926560234317
724,control,9.289103891316119,27.755869651126602
725,control,9.57453950167909,22.564497866081698
726,control,9.952021730813824,34.144699197976564
727,control,10.595896490329697,33.24437796732877
728,control,10.370664589039606,31.948489633465552
729,control,8.262524881998981,31.467679333496836
730,control,10.192275425670541,23.37607460828928
731,control,7.862414430984489,35.859818830962425
732,control,8.879877479043628,29.882975370824933
733,control,9.181348439900248,36.08633893704541
734,control,8.550052461832571,26.345420029463455
735,control,9.504508132491992,27.992571627084555
736,control,9.109078444183751,33.08611526616659
737,control,10.457827304787203,29.062303812397978
738,control,9.95927026005773,35.78459009337952
739,control,11.11598415694975,30.670143737020087
740,control,11.253411551060202,33.44773833670553
741,control,9.65428190331392,33.4905698264272
742,control,11.418982459717459,33.27555087563844
743,control,10.986431167097992,33.581862764147296
744,control,7.839842262418561,26.810699013320125
745,control,10.757095613466662,30.977719466012037
746,control,10.456047493896145,27.07137856931885
747,control,9.16154878718102,28.596647873924862
748,control,9.952667853492056,23.910146438779144
749,control,7.946187338605249,30.12614519845919
750,control,8.29186271371548,22.67353247755916
751,control,11.333022571069092,26.000646496936156
752,control,9.768767401732088,24.925610230561034
753,control,9.697685322845413,22.664601555649813
754,control,10.390235299661859,29.671849327196114
755,control,10.575236109281644,28.499305331071305
756,control,10.15688786101918,30.31778950157566
757,control,11.012668399388916,29.265219784188975
758,control,7.559415695530095,37.11506831329623
759,control,11.02603086978853,32.63985250048319
760,control,10.04688255808352,26.933225106978313
761,control,8.942447455031276,34.40264608663518
762,control,10.322230659664891,31.556457532347768
763,control,10.112946098603315,23.914878334905676
764,control,8.913431676520059,26.23662989377302
765,control,6.830414783571856,31.797870951127145
766,control,10.165666438047314,34.32517321014609
767,control,7.643756488965044,17.724389327468778
768,control,11.336837225200552,42.72351751092066
769,control,12.014533681745165,35.23077152348345
770,control,9.547772149466027,44.13424568313572
771,control,9.499619580640934,24.35994454876291
772,control,10.291649336472908,37.55556969243099
773,control,6.943404139717217,26.419045921435245
774,control,9.223185684318961,30.14355753844158
775,control,8.791981304181203,32.10147413201587
776,control,11.607458940662626,34.45542128173634
777,control,10.901359472987536,33.794762663916266
778,control,8.134898185901793,24.108736207516017
779,control,9.426356251720842,30.736026255446628
780,control,11.193583376657845,25.35503251219439
781,control,9.013421194329604,36.160188598651025
782,control,9.169224171403277,30.937727452368925
783,control,10.607428105086331,35.14701111030509
784,control,12.498684186137915,32.97457972714214
785,control,11.467275553734138,31.17471795515686
786,control,11.158651614625644,26.270134706335796
787,control,10.641150163081385,30.18961046216567
788,control,11.848796376226172,21.782386977713813
789,control,11.252631819816092,29.758886026221433
790,control,9.754175498696041,24.610753939471238
791,control,7.584577493424512,28.80240235644479
792,control,11.182570426692557,33.237116704937776
793,control,11.459210194066623,38.54990806488708
794,control,8.34463561851278,31.20251371860145
795,control,8.672748331952503,25.322451704709053
796,control,6.071177212415494,25.73258410404575
797,control,9.933519127624233,31.41501880327978
798,control,9.104947927820707,27.540394342868133
799,control,9.417433201056046,34.78246014803901
800,control,8.165890679121244,27.827869105722687
801,control,11.183089468380919,34.40460432124904
802,control,8.83892238482125,30.699386292104066
803,control,9.744855463681162,30.961523820678348
804,control,11.62447505785056,24.78499492759591
805,control,10.33539424045863,41.336431605911656
806,control,11.19690443413485,30.02235372119877
807,control,8.26196076617451,25.752346738998746
808,control,10.482893556482543,29.199294226493382
809,control,10.418458045605435,27.10555066315938
810,control,6.530197671070725,23.91852653018265
811,control,10.210425707708358,28.896261431852523
812,control,12.308073666075494,31.886499547086707
813,control,12.479527595239125,33.97815109009381
814,control,11.469711895825034,36.08446798067023
815,control,9.032552654483814,31.169377855416137
816,control,9.942573584344396,30.28200908901586
817,control,8.743380400261847,29.61107277063704
818,control,7.520151639878945,24.28363293160368
819,control,8.96305905455133,32.420151442547535
820,control,9.991730346883871,33.847643394689285
821,control,8.450053841907293,25.691551952731803
822,control,11.003669126528077,23.843751412681833
823,control,11.791561469631555,29.850717038484238
824,control,9.940151070600407,20.084971936682777
825,control,6.960240518297015,35.05885293805921
826,control,9.897100081719655,35.37434928594263
827,control,10.85541646662286,25.81153073345849
828,control,10.06002568561015,32.6374989518793
829,control,10.7984981170806,26.364811368578764
830,control,7.516696682942009,33.764585426158234
831,control,11.50038212125471,27.059052610655144
832,control,8.515321054429364,31.929727762085495
833,control,11.050498549932971,32.553244038413354
834,control,11.054108330790736,39.18936045370651
835,control,8.4177865421551,28.01264994050928
836,control,7.91658914786069,19.795404732810965
837,control,11.342052112255141,27.53599673737727
838,control,11.592069310821818,32.328584336374284
839,control,8.528828969724875,24.61315292183094
840,control,10.415631768258518,31.333728650091057
841,control,10.5306891474436,20.642786909173566
842,control,8.659428596713193,37.78491209758844
843,control,7.534965434012019,36.75588451730114
844,control,12.285305195946247,29.969501998510843
845,control,8.571103635224311,27.55572244454239
846,control,6.505627335777908,42.672998142061935
847,control,12.26315056460582,29.88854741526688
848,control,10.933530284602627,25.681786557873263
849,control,10.417296523365208,23.55468119735704
850,control,10.424406003976106,30.971621118196964
851,control,6.428058030241312,31.84640528346939
852,control,9.68359671217558,29.00157002391171
853,control,12.197407610461022,36.54992879243665
854,control,9.548387752160469,14.973729146319458
855,control,11.20743168819251,24.211402028555575
856,control,8.948497154302386,26.5268451572277
857,control,10.184686592042201,30.0470587133249
858,control,10.961353816480916,31.0932666436492
859,control,8.82031519316234,30.79060222714384
860,control,10.830856664247193,31.306023891220647
861,control,8.405199719079576,20.23774377601356
862,control,10.257189207207565,32.98115827376047
863,control,11.12966890639009,24.987462160448953
864,control,10.168800468231328,22.878660113078062
865,control,8.143112839361944,35.00423034364641
866,control,6.800195904300242,24.957581360007126
867,control,10.644580312488825,28.5852499744341
868,control,11.033465907938083,32.410257198568026
869,control,9.477577629771437,39.35462978119823
870,control,12.5868880583199,28.984669362290997
871,control,9.545554254910218,34.61930025548088
872,control,10.69554770397586,34.430341034920275
873,control,9.612173366262228,42.362734683979525
874,control,7.047360753962681,29.131429156188567
875,control,13.246894726285205,34.27954737676204
876,control,11.902929531724677,30.690707220310596
877,control,12.522429870787443,43.29369106590211
878,control,11.994202696906454,33.69758406638839
879,control,8.552259225686473,34.36641729738084
880,control,7.803273423543244,30.246390083436886
881,control,10.588346473255346,29.81292711049965
882,control,7.576299389702757,34.49086253154394
883,control,11.57492232920082,29.498780210185487
884,control,10.029937042607251,33.193747546628494
885,control,11.775106757334234,33.869894385454174
886,control,10.360148294165764,25.3078027435579
887,control,8.999560019588252,31.64958165835573
888,control,8.923545582428977,26.885497145072154
889,control,7.812548303410382,39.487247215411955
890,control,10.581148104824065,30.34332389269552
891,control,11.920576624318372,31.360046938986688
892,control,13.081911998661264,27.767374893405268
893,control,10.581572606621062,30.29105323341061
894,control,10.503441107069442,30.63085033816349
895,control,9.61949414571659,27.49570102233171
896,control,8.10037308070132,33.76829169363035
897,control,10.172488342501136,30.04749432462124
898,control,9.533122789900016,27.362955771269355
899,control,10.138618371889585,30.277140691594084
900,control,11.378339650252242,33.79968764815361
901,control,9.273893426320166,22.630274817369855
902,control,10.394608109908786,29.034780587112223
903,control,7.250459798593231,24.748226669387407
904,control,9.113673383790026,24.01008816518494
905,control,10.348313523262307,28.125303009511565
906,control,13.384002465327878,25.76465617012739
907,control,9.3220256962727,33.90340939584315
908,control,10.372497012016305,36.118928922085615
909,control,9.340029949650686,28.532080367629934
910,control,7.081078232033816,28.976595995564068
911,control,8.555751095668233,34.74617188095771
912,control,9.143724972491915,23.31647940899156
913,control,9.032011301173508,28.19046689383071
914,control,9.53046186030084,32.185030621321644
915,control,10.053159942669776,37.135837692551554
916,control,10.822064984291325,35.90029891524697
917,control,11.19991893277673,24.143825778991875
918,control,11.942940794582851,38.51603818343124
919,control,10.139701023680336,24.7809748137192
920,control,10.49473375260693,30.73711310823743
921,control,10.622088968071903,31.909235106867083
922,control,9.626011236326514,40.55813104519026
923,control,10.45518503508956,25.108538765819862
924,control,10.222563313513625,32.45035934550679
925,control,10.828561965127564,26.882734011333323
926,control,9.807908115611362,31.72666381641404
927,control,9.90851404258534,29.440731055628
928,control,6.67696445455786,25.73791647309316
929,control,8.510067873563564,24.97198916681912
930,control,9.179352988497854,26.47084085563818
931,control,9.355301737284801,37.732690741382
932,control,10.604634586237374,34.649819803591086
933,control,7.716240627888691,22.141206454682873
934,control,9.937817262902472,29.818531917588132
935,control,10.218205335592918,38.05662482445418
936,control,10.54911169566418,32.75184594598045
937,control,10.680435610920563,38.23773803557747
938,control,6.7720318454456665,32.288721498295445
939,control,10.48215082020774,26.905246885413984
940,control,9.990658907691428,27.97198427106509
941,control,7.364442421053045,22.13753355057466
942,control,9.672252026065467,37.35052767979189
943,control,10.883677848011855,40.99960992670398
944,control,8.278239619726136,30.019140852240067
945,control,10.383205564469648,29.32452281410046
946,control,8.62501906069173,26.17549276195749
947,control,9.64450559819255,38.574208140313935
948,control,11.50682577306329,26.160154382947237
949,control,8.525032126733903,32.58128970067361
950,control,10.482344585623727,39.621992835481414
951,control,9.48280939504073,28.282472205836648
952,control,9.140166040509657,29.653750877105793
953,control,8.835342257500942,22.310367903617937
954,control,8.524208618176408,25.432794521238964
955,control,12.001308474970196,22.806139171119913
956,control,10.677343403337474,29.78817638716303
957,control,7.989915264968983,30.750097477793382
958,control,10.698645429891029,31.33731464329967
959,control,10.588016133024333,31.280052535911132
960,control,8.980538758770605,28.57167443011639
961,control,9.798097369569474,33.504365903615394
962,control,10.904392404609172,29.085691341435872
963,control,9.642365785694908,36.055310277219604
964,control,8.345345671293696,31.837017892039853
965,control,10.000378229229664,29.213868517791624
966,control,8.351772248738587,26.802528817770213
967,control,10.74564364595205,44.72242658960462
968,control,11.309749633502845,32.76749149106237
969,control,10.895717856822719,29.964166754568247
970,control,11.231025121225441,26.704141921708576
971,control,8.821092815735856,33.69886105726904
972,control,8.622422151871737,28.078350660606066
973,control,12.658192104141616,38.21741238763479
974,control,11.25188568795342,29.562097810865183
975,control,12.803306441596883,35.29265471555327
976,control,7.29956052850055,29.002591745122302
977,control,9.177095661071732,30.502478024110808
978,control,8.425669766849964,33.42039589848069
979,control,10.519480172808684,39.38496112660332
980,control,7.53399127014104,40.6609365366584
981,control,12.36305597135226,21.063536994576836
982,control,9.761906951965258,31.19655905523706
983,control,10.293650909116444,33.199575902201815
984,control,10.174179096272123,27.166120595368817
985,control,10.416720152608473,27.377214099782233
986,control,10.64592847321952,27.03619858649491
987,control,9.639409409890384,26.727887800735402
988,control,8.773256893485174,41.36443459421042
989,control,8.15652613045781,36.81864699485344
990,control,7.888891842922539,25.103264957682203
991,control,9.718009035977108,31.51190952170388
992,control,11.110543453919474,31.487641058120726
993,control,9.206978442340617,30.516709641880265
994,control,8.911364983323661,33.80028450301477
995,control,9.385450779662301,30.567207785392462
996,control,9.388829898617667,26.942656005506652
997,control,10.91414782990644,32.424181706651495
998,control,7.92616872365536,31.83787641131226
999,control,8.956639303400246,27.494177849557065
1000,eco,9.687012130773889,22.932503890049972
1001,eco,10.304467546732251,35.83578809422677
1002,eco,7.698989136079001,30.639158748951747
1003,eco,10.577780096012457,31.741988023151304
1004,eco,9.612515515589154,30.597582977839107
1005,eco,10.552545314391853,25.693072687213316
1006,eco,13.619272429417046,31.73798780168698
1007,eco,7.606136147348523,38.66824107129619
1008,eco,7.408386493580087,30.508859837652164
1009,eco,11.563904339605488,32.46042421857182
1010,eco,12.077262522717481,21.3510211104255
1011,eco,6.973073858753018,32.84436236032829
1012,eco,8.477459241631813,30.52781623235855
1013,eco,9.38801267039015,28.356802651441804
1014,eco,11.027989398423296,22.697223912400148
1015,eco,9.28345563389258,33.27618663369565
1016,eco,10.027765290392114,35.711103553686364
1017,eco,7.914777890471961,22.3307036955728
1018,eco,9.332764426976746,34.64238115396044
1019,eco,7.952234412490409,30.265799751311548
1020,eco,7.114022753459397,27.950479135656508
1021,eco,10.503722951518892,31.50878463891255
1022,eco,10.906120991187205,32.21586262586322
1023,eco,9.757279415769432,35.41769251154867
1024,eco,9.778325514644957,29.858391046435017
1025,eco,9.011350864632675,40.566651975366995
1026,eco,7.697423238664083,32.78833873752646
1027,eco,11.467930140472829,30.21900360643417
1028,eco,10.293714385558884,36.120252211461164
1029,eco,8.556154830012357,40.44373934709169
1030,eco,11.095301482526027,29.091907758145624
1031,eco,11.192652664714528,33.60755977720658
1032,eco,7.970026970264845,37.30451811246545
1033,eco,9.470032566305878,37.43106895196852
1034,eco,10.38331433559835,32.79152855778717
1035,eco,10.05624532487781,31.60105044499122
1036,eco,9.165123204789731,36.2311732232931
1037,eco,11.187654771836003,33.66954229595335
1038,eco,7.999070772440966,33.83508307044421
1039,eco,10.554877912545496,37.51158367645259
1040,eco,10.258920072326418,38.601934882267074
1041,eco,8.943898123526742,40.85849416426471
1042,eco,8.885871119897272,26.392440574271472
1043,eco,9.507300483350573,39.58112757808907
1044,eco,8.519976118812766,37.55493862632599
1045,eco,12.981422855550626,30.181286452714584
1046,eco,12.179794655123363,29.878557373047897
1047,eco,11.628072127124986,37.425777032691634
1048,eco,9.094671641099094,34.49412680236859
1049,eco,7.061043296514681,33.65298618016395
1050,eco,9.767508039977958,37.93230291845941
1051,eco,7.93914545445435,36.5599508096604
1052,eco,9.349399339337541,32.34889212572103
1053,eco,10.77449341434384,24.69301325226224
1054,eco,8.838649364505766,33.09535267497669
1055,eco,9.80233307175166,29.57216573543215
1056,eco,9.695722108137922,36.776951633581696
1057,eco,9.78980479490828,31.01358510694196
1058,eco,11.701177253217994,24.086619480630524
1059,eco,8.4384182924692,21.355378002583322
1060,eco,10.134780869472221,37.943795363851365
1061,eco,9.631494613908485,26.36378348833733
1062,eco,8.10612285544158,28.678425806614236
1063,eco,5.767258691835283,34.47088030212027
1064,eco,8.251222900426587,27.797001962101596
1065,eco,7.022233207474435,27.517381939117172
1066,eco,10.756900363140184,36.32933273086797
1067,eco,7.921699049889139,31.458710578437838
1068,eco,9.802887885851254,28.20089781350497
1069,eco,12.57244291985944,33.83432942611522
1070,eco,11.047344677230981,25.462596866569598
1071,eco,8.307898298210269,26.326248015279695
1072,eco,7.35563122250638,31.100003408993416
1073,eco,10.147689069026903,29.561339249918404
1074,eco,6.29574423467934,34.773494769410725
1075,eco,9.984524259004022,34.58295298144576
1076,eco,10.891238510182419,28.547797328080392
1077,eco,9.29829188793981,37.195957570171785
1078,eco,9.77085483188717,44.807681642807204
1079,eco,10.385954394395714,27.15014835923625
1080,eco,10.060921768505985,31.423166704087574
1081,eco,10.62549329301146,34.39319338833834
1082,eco,8.01928012973047,26.23470564870324
1083,eco,9.937248194983995,35.14236417768042
1084,eco,11.075078784859631,41.9882423744247
1085,eco,8.460690391380687,20.096866364177977
1086,eco,11.48168633106942,31.916004450448344
1087,eco,8.770839902377375,26.683941429413334
1088,eco,6.811235009056412,37.375404727464336
1089,eco,7.541283032155772,34.446013897877954
1090,eco,8.153755321568669,38.47787987476474
1091,eco,10.561948178991901,23.79000152441982
1092,eco,6.469351708253543,26.032064493070102
1093,eco,8.538190553946313,35.75060009111129
1094,eco,9.466262379022636,35.06339403777702
1095,eco,8.996328339378334,26.96281196821542
1096,eco,9.230362119808301,41.22249607412162
1097,eco,6.998187703863772,30.304875202411665
1098,eco,9.52062418559361,34.444349021856574
1099,eco,6.568152484536604,46.89116794353514
1100,eco,9.136356345115114,28.16714712988809
1101,eco,7.094752338668215,26.84077881666583
1102,eco,10.424069861262613,32.66539863897026
1103,eco,8.865513704581184,36.54862027093983
1104,eco,12.554336187000132,26.02805125262582
1105,eco,8.254168496275323,34.45510575345755
1106,eco,8.481951743365899,30.17682804617555
1107,eco,8.753733143670727,31.833958713793947
1108,eco,9.034897448895231,25.265108196852587
1109,eco,11.176589917819967,32.57877464912563
1110,eco,10.586365836032515,32.23648623529628
1111,eco,9.411542336127805,30.469471654400525
1112,eco,8.825939743038614,22.710044659862533
1113,eco,8.367031167666918,30.072099564208866
1114,eco,8.654681691117844,29.228426946175873
1115,eco,7.773979151947241,36.93292851120775
1116,eco,11.173898346403309,41.379166755055834
1117,eco,10.937121983002093,26.285927538789338
1118,eco,10.325508455603716,32.28946251393657
1119,eco,10.993352858039815,32.978588066362555
1120,eco,8.075195695330402,31.25590721295993
1121,eco,8.623041720058433,40.558819909056936
1122,eco,10.05075944959835,38.634306982261755
1123,eco,9.652731199623478,33.86359116370971
1124,eco,6.847369859307703,37.37591960790499
1125,eco,12.1039483934282,32.749897221844286
1126,eco,7.295025491425498,19.652485708163674
1127,eco,10.141985828444804,35.81005457184647
1128,eco,10.472393653412377,27.28209303241066
1129,eco,8.051730284719232,22.023360075500953
1130,eco,8.509855443178727,27.206300317210662
1131,eco,11.390828536699463,30.93711801262553
1132,eco,10.43416066356913,37.61121693181943
1133,eco,11.48919079656165,33.99241308399769
1134,eco,10.871605668879532,28.460279931711323
1135,eco,6.393979739192362,37.92806475230879
1136,eco,8.62705227291416,34.396964956530105
1137,eco,9.150888191109564,33.29226638509223
1138,eco,9.970362522641357,32.98689127675134
1139,eco,8.600653371077794,29.182827516573365
1140,eco,9.876894302195915,30.394964633719237
1141,eco,9.612165904513988,25.9896734085997
1142,eco,12.502367087285114,27.456339196384942
1143,eco,9.470761735194488,35.86729786857765
1144,eco,8.522818696130699,32.023351939959596
1145,eco,8.22078322693526,30.66408792978404
1146,eco,8.020936915379298,30.147292913595486
1147,eco,12.038765954157284,27.548991304861815
1148,eco,8.400566945884924,24.59225925996241
1149,eco,8.042223873062497,28.894735311093864
1150,eco,7.261175758521439,29.60321011099987
1151,eco,7.874862789706064,45.33944731921247
1152,eco,10.39429541329343,25.452903577590057
1153,eco,10.049336462454535,32.91887891619276
1154,eco,11.123565836357223,34.281469029042256
1155,eco,8.406421538970543,26.58871413409694
1156,eco,5.670681110406264,26.35539566348335
1157,eco,5.566826864329028,34.74234362757954
1158,eco,8.064165643883,28.68020245197489
1159,eco,7.378813932589029,31.303373883785365
1160,eco,8.808555569800342,29.41307620040714
1161,eco,9.592154115620968,31.06149956231343
1162,eco,6.995715075366249,31.168608566576715
1163,eco,10.461419075328688,37.94257581437096
1164,eco,7.368083514875224,26.445949974871258
1165,eco,7.628094612775776,32.809343893143634
1166,eco,7.720341363058587,33.277632239746545
1167,eco,13.443606941111224,30.08454300225833
1168,eco,9.643896468480625,26.8819680321537
1169,eco,8.14194334463179,26.42296093527371
1170,eco,8.727683579748378,25.69029617370103
1171,eco,7.165080182522212,34.7514567883952
1172,eco,8.147614669798706,27.71710762909239
1173,eco,8.578449598497073,36.75646590112451
1174,eco,10.498803721050276,28.81736334291906
1175,eco,9.000652488525024,29.20011439290205
1176,eco,9.640375378052047,28.89090158707455
1177,eco,9.661466182819362,33.972561762879394
1178,eco,9.113944968292676,44.32122109290762
1179,eco,11.303677962415104,36.09059653953505
1180,eco,10.085016230993803,24.68099571853608
1181,eco,10.745282806865925,30.899647492861437
1182,eco,7.70024938575491,32.739808190819055
1183,eco,9.864100012148954,26.410664480145485
1184,eco,9.765228853705207,29.03311107957351
1185,eco,10.906780738161178,37.08827589413241
1186,eco,10.201784911410764,33.321828048116274
1187,eco,10.672038351305922,32.08579209261207
1188,eco,9.033903888949446,37.02551637156053
1189,eco,7.709599021104248,28.423333338487655
1190,eco,9.353423268136554,29.952559484986313
1191,eco,7.608956423420018,27.149451616448953
1192,eco,12.0440104421159,29.9227480632089
1193,eco,8.58708570924778,24.974462596707436
1194,eco,7.929437785668918,32.06393683524219
1195,eco,12.335711342415976,29.86710876448524
1196,eco,8.754276667099402,29.03766659723064
1197,eco,9.776864591256029,28.99384942561201
1198,eco,7.231323904524141,36.2215406298545
1199,eco,8.87415793152969,42.90484585800854
1200,eco,9.153019640604837,33.65833936582177
1201,eco,8.744905099802581,33.37072101622364
1202,eco,11.384214467313917,30.029720886318284
1203,eco,9.394285257412571,30.154672252563675
1204,eco,9.434745578867421,33.011442641109774
1205,eco,9.743912980632128,20.864776113937882
1206,eco,12.987859294255507,29.260248140008844
1207,eco,9.799772325660399,29.5056540570505
1208,eco,10.041169633812604,31.73929571324641
1209,eco,10.363340196669329,27.675759107124662
1210,eco,11.109647626863453,36.018106203555135
1211,eco,12.141682478891582,33.96001736669267
1212,eco,9.345806672243155,33.50597814870101
1213,eco,9.291675482768067,36.89631161972788
1214,eco,7.227738155757121,34.84680294317182
1215,eco,9.228751267225622,27.34958598223423
1216,eco,10.167374357864595,29.362626484514365
1217,eco,11.060151781778881,26.447911918353448
1218,eco,11.762186174678249,32.095957848688904
1219,eco,10.455308805176028,29.074244413381216
1220,eco,11.26986029039189,27.07379988474884
1221,eco,9.574229961974892,33.286251307380724
1222,eco,6.1316579381863985,32.10036823823978
1223,eco,8.08011852523285,34.83189025361704
1224,eco,9.50113065583598,45.055282282613895
1225,eco,9.05019202510109,26.461747629873756
1226,eco,10.33719243338603,23.536100520883135
1227,eco,6.768187230317004,28.925111420670493
1228,eco,9.46822013943158,21.911308928094762
1229,eco,9.014275215821526,32.28905981342736
1230,eco,10.173570519520862,34.88364594920898
1231,eco,12.67409385151471,35.6798035254633
1232,eco,11.473082051390188,32.183836323166226
1233,eco,10.802239984406317,37.933427582433616
1234,eco,9.907494363050727,37.14179356959548
1235,eco,9.598909952073292,30.783724724407566
1236,eco,10.811997236202746,29.74757079785374
1237,eco,12.574975324238306,30.57387117599046
1238,eco,10.125381231185171,36.03120160082083
1239,eco,7.87897774823317,30.09591701012317
1240,eco,9.193598456722395,33.048413268497235
1241,eco,9.966893897442175,32.7324373396002
1242,eco,6.341661736443404,39.119765673993264
1243,eco,8.436372026062575,23.372249455041576
1244,eco,7.547830405132478,29.239979754819878
1245,eco,8.615807621746429,27.787056779711953
1246,eco,10.561600701566773,34.83716796235895
1247,eco,7.557337036817484,22.260375180711495
1248,eco,9.378106724154586,26.226309951195184
1249,eco,8.104281542843475,24.305407973887938
1250,eco,10.004179026371096,27.896465280008634
1251,eco,12.091134747940353,30.692278840065434
1252,eco,6.731517537471226,29.467642754351143
1253,eco,10.122678920176138,32.97487645915131
1254,eco,8.268707932732868,36.3838328240234
1255,eco,8.689096293730916,21.934178380169797
1256,eco,9.125341406254575,33.23291814963642
1257,eco,9.524325564004695,37.99142852160482
1258,eco,10.351385658328697,32.706294684476134
1259,eco,11.760615726401763,33.88389067128368
1260,eco,10.61241781378344,31.244720744662878
1261,eco,7.3475327012734315,32.62362588026758
1262,eco,7.127350576254137,33.82425317468737
1263,eco,9.754277160605717,31.417889195286495
1264,eco,8.679629111644084,39.888985126992665
1265,eco,10.719919181327727,31.858163383470153
1266,eco,6.63565169066559,31.850812565709823
1267,eco,10.655291774980817,29.76202545198302
1268,eco,6.314101709098312,30.916638745875115
1269,eco,10.767921481723452,34.78896820575889
1270,eco,10.026653889809515,38.18062230833311
1271,eco,9.056100321007053,33.45414413324224
1272,eco,11.045120287908777,26.660721517104708
1273,eco,9.299592105437418,31.62041310430624
1274,eco,9.953241560994242,37.50085166656933
1275,eco,9.094205106262503,33.53839895609369
1276,eco,8.564528645256642,38.027016430363744
1277,eco,11.112286746545085,41.944083813275654
1278,eco,8.832605007156241,31.626312096057415
1279,eco,8.94615896788044,32.11155562971947
1280,eco,11.568229085254412,30.737214061306947
1281,eco,11.36885626583763,27.537111175082735
1282,eco,9.407879400565795,30.620994255013105
1283,eco,9.912747598779259,24.05473711628028
1284,eco,10.016197235712184,21.61816226073402
1285,eco,7.206850251898898,31.441689709979613
1286,eco,11.632581653161413,31.021193434732552
1287,eco,8.599531210737814,23.495514051918953
1288,eco,9.553376349242008,38.006807641440254
1289,eco,10.43391387220298,28.773465693200947
1290,eco,11.670973234591838,32.934910350912034
1291,eco,8.772942717280145,31.488314217381077
1292,eco,11.552104675405015,28.573077294612165
1293,eco,10.194490850637276,28.391060317763515
1294,eco,6.8634277605930425,27.834119531656068
1295,eco,10.10964911564806,28.066310835361033
1296,eco,10.904688105013845,35.88231939461651
1297,eco,9.61166927596426,31.834821310245385
1298,eco,10.095578147519982,23.111442707724063
1299,eco,8.51029758933749,33.33381140326502
1300,eco,12.057850150495518,35.192975064883036
1301,eco,9.939368152605203,28.584943940144722
1302,eco,11.651094817257432,39.789962624231386
1303,eco,7.0822279116617715,35.97602799349259
1304,eco,9.104407694563102,36.715188441196716
1305,eco,10.190981843398681,28.552467818296606
1306,eco,12.017112487597334,35.91043087038788
1307,eco,10.656201066990262,33.838060604131286
1308,eco,9.091297689142161,23.69587779130132
1309,eco,9.236881650695956,37.652852686989426
1310,eco,11.054497549531902,20.4521125621064
1311,eco,9.437026822138238,28.96316169465037
1312,eco,6.120854750959637,34.24482652734807
1313,eco,10.441743674220218,34.97360984097224
1314,eco,8.511802352511056,25.918583681503204
1315,eco,9.309772986461738,34.382067386043
1316,eco,12.408233893545752,32.03234093879206
1317,eco,11.085851509674804,37.48122990036178
1318,eco,8.68743752133383,36.328073448881135
1319,eco,9.718562750247541,27.062688724851334
1320,eco,8.982686873047367,37.68992924243603
1321,eco,9.45348944813038,37.04717965352013
1322,eco,8.170565122752365,24.855406645049428
1323,eco,9.737285411669696,22.03545869003095
1324,eco,10.305939017669523,39.88164406560107
1325,eco,10.554044677489664,35.431775006979315
1326,eco,8.8683865835807,23.52017639645866
1327,eco,8.663076298671596,45.157166365557195
1328,eco,8.465548578956636,26.986100895187256
1329,eco,10.619051223486133,27.517646841525497
1330,eco,9.843637771048336,30.78476725088447
1331,eco,9.139419402716122,38.06353215386609
1332,eco,10.577911432481455,37.69343469941758
1333,eco,10.0696100886597,41.8129766722894
1334,eco,11.92952288194539,27.973913698337476
1335,eco,10.396946270118002,27.747090944272166
1336,eco,10.249914856231,29.681633266746246
1337,eco,6.690442783032287,38.890338634784456
1338,eco,6.5272731941976065,31.86733428965484
1339,eco,6.652322882872266,33.20911096318792
1340,eco,9.986424022793935,32.35952735582795
1341,eco,6.755474372642792,24.005825992299272
1342,eco,5.773965012600479,36.835901816419856
1343,eco,7.526114074776735,37.52042664459063
1344,eco,8.154386520767305,30.71766808385361
1345,eco,8.908781591039533,21.676021631386575
1346,eco,8.564217843157675,26.51837012397162
1347,eco,9.26146272567397,34.28760175408837
1348,eco,8.351027171568042,31.87093407733407
1349,eco,9.347151933635379,34.70535943673536
1350,eco,8.453736611282135,33.0486438008541
1351,eco,11.977906181667663,38.36771312087528
1352,eco,11.971407186447308,39.51427551416476
1353,eco,7.878654797675258,28.23691404975983
1354,eco,8.473705687304367,23.22536806460314
1355,eco,11.377624410121609,27.677674537346945
1356,eco,13.68925502067929,38.15018165036024
1357,eco,6.137502878589508,35.687390472836924
1358,eco,7.7467275125029875,36.02362491455869
1359,eco,7.271702731658724,29.258922054223607
1360,eco,11.264577370849015,29.471046265590196
1361,eco,9.019267715927326,25.11846261454281
1362,eco,12.639985333671014,31.072213999004184
1363,eco,9.88869438591031,36.78077662944511
1364,eco,9.817377619055948,25.014088206489724
1365,eco,12.94562380559215,27.61651466390996
1366,eco,7.084224955663393,36.7273757065965
1367,eco,9.80371239576663,32.23595973638106
1368,eco,9.353919263159467,31.086220805901622
1369,eco,11.9138149767013,41.25026558913168
1370,eco,10.525651727310503,37.68995923916481
1371,eco,7.999345555218591,19.850200457822954
1372,eco,7.571314757416407,29.520685406747564
1373,eco,9.172519992358716,26.94841642990148
1374,eco,9.813800117541659,30.632607833491154
1375,eco,9.423394922581407,31.750335110809978
1376,eco,7.714571964456708,34.421165604116055
1377,eco,7.742017818115221,35.26517932609322
1378,eco,9.999793944559189,31.597134536733304
1379,eco,7.46051735183754,28.93512792982355
1380,eco,10.592969350796682,36.51880462110278
1381,eco,7.583185659405537,27.639286364270916
1382,eco,6.960204715429766,33.373118874717086
1383,eco,8.489318586815086,23.999177778297295
1384,eco,11.002484182561055,39.5324975905358
1385,eco,9.487010052939961,23.731910267042508
1386,eco,9.621438449764184,32.936744936958085
1387,eco,9.614313769174695,37.33309698713366
1388,eco,8.936075796000356,33.317954558642064
1389,eco,6.643001264935922,34.163419509856276
1390,eco,8.791688969258571,35.19153932630072
1391,eco,11.281470681441684,35.31731714571195
1392,eco,11.301902751895396,32.759834092760286
1393,eco,10.85647096883167,35.23823389187779
1394,eco,13.373828223585443,32.12563338041649
1395,eco,8.597045478574818,28.78282624234493
1396,eco,8.565601887204576,31.719900695874443
1397,eco,10.438800243615278,30.56387744663556
1398,eco,10.277947312431587,27.668867865004533
1399,eco,7.572845103234383,30.045929812308493
1400,eco,8.834682854247774,33.260553345426544
1401,eco,8.379331146020556,36.20639607220935
1402,eco,11.0240098998636,36.95436866408224
1403,eco,9.363502264948673,33.485589286481854
1404,eco,10.116564623210188,41.26209652783821
1405,eco,10.451155758244845,34.41467232876389
1406,eco,8.667503337365059,28.37283328556598
1407,eco,9.801011968171228,27.86279105760083
1408,eco,8.960167920654667,32.223975520208235
1409,eco,10.57933708029473,33.24167218047602
1410,eco,10.938393918154338,32.647361096861616
1411,eco,8.199530984510234,34.75216333187015
1412,eco,9.12820810395289,24.4746006523186
1413,eco,7.933029184208969,26.862288329171115
1414,eco,11.501926963638635,31.85321686865226
1415,eco,10.591537793817023,26.14008539409118
1416,eco,9.323232984250668,29.40059670184148
1417,eco,9.649266593711868,35.68473307496312
1418,eco,11.780719640553114,32.38707862189457
1419,eco,9.291213835373068,30.82341367222176
1420,eco,11.886870850549355,26.05919044638089
1421,eco,11.914260486993498,22.364819732037333
1422,eco,8.642374500538207,32.39396994854548
1423,eco,12.287514312828804,27.62872044613588
1424,eco,10.11307766753401,39.68088956272529
1425,eco,10.268201940667684,32.55430784464536
1426,eco,8.322344301173311,27.312932208176594
1427,eco,11.541337564990926,30.047187136701226
1428,eco,10.532500404975053,33.48635956926855
1429,eco,8.912075853084625,35.040676416778034
1430,eco,10.563390171450692,37.70061013535073
1431,eco,9.306173669084684,31.03552475537981
1432,eco,10.087903390723893,21.303282679178796
1433,eco,11.50442346815932,37.98528086532238
1434,eco,11.74189338323512,29.090063167578222
1435,eco,9.560256131181433,29.61273340389247
1436,eco,7.4815867599411625,35.01567943152389
1437,eco,6.598440996317612,34.12340474642235
1438,eco,11.450226013883738,38.76906639459255
1439,eco,10.495232797823949,31.951268395358888
1440,eco,14.039643163834546,27.419469628920655
1441,eco,9.5752600828052,36.51792230898631
1442,eco,7.801220448171811,35.44235605295567
1443,eco,11.166419297855423,24.76024628820611
1444,eco,10.203836195132896,27.381866107006218
1445,eco,11.010369718870784,27.28753304177913
1446,eco,9.967861069052757,36.332330974278804
1447,eco,10.758132106359003,27.18711065496033
1448,eco,9.632626407667734,29.786574831533727
1449,eco,8.073900269184811,31.27026954041432
1450,eco,11.031150814047223,31.230854855067122
1451,eco,8.722615378849559,26.869040515604986
1452,eco,10.607355289549458,25.049876569452366
1453,eco,9.169360960738128,33.76967522442401
1454,eco,9.17568395712248,34.23681218823088
1455,eco,9.109089547846583,27.018130406872466
1456,eco,10.113085998145555,33.62916527641841
1457,eco,7.487483136999823,31.36088349249846
1458,eco,9.74716651353715,34.2435765127078
1459,eco,10.142597912278239,29.684145134869404
1460,eco,9.881184812652032,23.423176871348268
1461,eco,12.150437860300816,33.87899125476986
1462,eco,6.962017854285673,23.63241112505737
1463,eco,10.27661525883751,22.268659328951188
1464,eco,7.903931302480171,33.217998606848234
1465,eco,11.166011090191443,35.827208708980244
1466,eco,10.668226985466319,31.21874778482703
1467,eco,10.142560762509778,27.614404744019055
1468,eco,8.390073157609992,38.16102740305041
1469,eco,10.612003000302527,24.517347303261527
1470,eco,6.277066283047214,31.858571378869527
1471,eco,10.647450780586993,32.93131102654138
1472,eco,10.452290626907253,29.098772739879948
1473,eco,9.883604181363301,31.87002583042875
1474,eco,9.60569250762523,34.79565616255184
1475,eco,9.128247132279446,36.655056526087705
1476,eco,7.888155790466888,34.40071829328299
1477,eco,8.082598424438151,34.03560883517889
1478,eco,11.16240292521192,25.057726916834856
1479,eco,8.979035783259071,30.371504227500356
1480,eco,12.775392054505517,26.665832027703733
1481,eco,10.038206044589705,32.81935767102791
1482,eco,11.374837864012566,27.950483481786637
1483,eco,10.156352030819644,24.838738479814147
1484,eco,4.885919203884194,36.629415160302194
1485,eco,11.694419292961765,34.95346139110742
1486,eco,7.119013603477183,29.827567140385987
1487,eco,9.618512173217752,34.0972842199722
1488,eco,10.46972125709821,32.67916039825866
1489,eco,9.679006851371783,24.158452395528712
1490,eco,10.98630452125559,31.76169835144715
1491,eco,8.400520455672895,39.36716774542867
1492,eco,9.843258627184754,35.74882362802858
1493,eco,9.531482053977978,23.036336648607996
1494,eco,6.78723167417463,40.30632847502122
1495,eco,12.250552949098166,34.72255793557653
1496,eco,9.830613970375316,32.86933662136853
1497,eco,9.363519894551255,35.46389876324006
1498,eco,5.937259713169716,32.49260508866217
1499,eco,6.839564819929707,38.08667571451
1500,eco,10.706213625003038,39.27401196924322
1501,eco,8.62541542391891,32.658255422005446
1502,eco,8.554867698092139,34.256261322447145
1503,eco,7.644964602976794,28.459618583822234
1504,eco,9.814442026203805,28.71997487883206
1505,eco,9.26730180777017,31.32306163115983
1506,eco,8.974885557003855,29.16589026748507
1507,eco,10.101175503159112,33.760376233113846
1508,eco,9.436400186649605,23.86599549142596
1509,eco,11.75283633405153,25.155618605915997
1510,eco,11.684375160938355,37.11940170418778
1511,eco,11.94027494547428,27.03341675552317
1512,eco,6.867801442831314,34.8270919820924
1513,eco,7.743254732726735,28.373613248262895
1514,eco,10.628744643976217,28.382911684773635
1515,eco,8.34206799006499,34.72045267331749
1516,eco,12.326302952298569,30.537110869495976
1517,eco,10.802705087429782,31.014964615713946
1518,eco,8.084856106295497,34.18136883406612
1519,eco,9.241778940150237,35.40815980772138
1520,eco,7.987376489819646,30.04650315363031
1521,eco,9.546832210237632,22.119222536876944
1522,eco,9.120952978405356,27.190398328292236
1523,eco,8.377675023375213,25.45757162189799
1524,eco,7.905085219396469,32.2859989898792
1525,eco,10.76752250075073,27.99595851992588
1526,eco,10.299827678526722,22.655009185022756
1527,eco,8.528151816322993,26.453848124254623
1528,eco,9.547193838608461,29.95008583544646
1529,eco,10.91916974028814,36.4701070726271
1530,eco,9.198309286738386,32.05389494215871
1531,eco,9.775588888160542,23.819425181411255
1532,eco,11.752672294935508,43.23634556457952
1533,eco,9.915820476502244,28.293532271799346
1534,eco,10.222077084349735,39.00636330815104
1535,eco,9.724482955119631,34.47162214491634
1536,eco,9.397059862374617,30.65917823344471
1537,eco,5.3736613500411945,23.182179815167814
1538,eco,9.91302577354712,39.098345038413896
1539,eco,10.233173406298018,33.39813994807306
1540,eco,8.883640942760204,34.32406147487885
1541,eco,9.443514016360236,26.77983910258383
1542,eco,9.912868439189666,29.53919505757885
1543,eco,7.66960575639468,26.51575723821659
1544,eco,10.010755770333637,30.722304678109627
1545,eco,8.104959338887092,33.98661245924147
1546,eco,8.94045769052525,36.79665071864641
1547,eco,9.516158176657484,31.462671396543005
1548,eco,10.130147903127929,24.942209929560722
1549,eco,10.176668109291132,31.617633002970955
1550,eco,7.830697784537216,30.036069839285606
1551,eco,11.300138068048476,35.38734261189401
1552,eco,9.631319036955851,30.215279405387037
1553,eco,7.889401633072005,22.081218926015474
1554,eco,10.932917240155346,37.486502536208924
1555,eco,9.097171624220191,28.527153367955556
1556,eco,9.448471583063231,24.70193447533031
1557,eco,9.27768725816091,38.998254188987204
1558,eco,10.17662516048834,30.573682938874672
1559,eco,7.556575175617995,31.743997214934716
1560,eco,9.002495077130481,35.22779452628641
1561,eco,7.809160259718897,36.3402781373228
1562,eco,10.969743945596438,42.04636962066219
1563,eco,8.295024707849993,20.32477427523326
1564,eco,10.511757685488428,31.853971916517402
1565,eco,9.397760488022666,27.386920456214483
1566,eco,8.261681516799241,33.09046136789963
1567,eco,7.161937414904734,35.63999189253558
1568,eco,8.680068497739173,37.35658297805131
1569,eco,9.53357107122724,33.48343023392063
1570,eco,11.114928517001836,37.55885197052271
1571,eco,8.198573071752717,24.36283467323437
1572,eco,5.213671239197408,39.79243727622145
1573,eco,13.93399513478893,35.6221708573232
1574,eco,8.724826971164932,32.501264459029066
1575,eco,12.663121850629032,37.11915057505022
1576,eco,7.564533357393505,33.753071070539335
1577,eco,9.31675142901672,32.58611154393219
1578,eco,9.108633770816263,33.95835996763823
1579,eco,8.331102525875817,39.41883827369178
1580,eco,6.958737324114688,35.370389875322815
1581,eco,9.004538763287238,30.50454340118927
1582,eco,8.96715492842894,32.963408120815345
1583,eco,12.829457652710236,30.877771192639223
1584,eco,10.99381354031324,36.1056663845818
1585,eco,8.905242606292365,33.988334977806986
1586,eco,9.974979514109167,39.37237950506599
1587,eco,13.67874447948509,28.336931681469775
1588,eco,8.533702057756253,38.65209044894977
1589,eco,8.922426702621358,21.7788444587291
1590,eco,8.267680664724004,37.78215975442022
1591,eco,8.266783623357329,25.712172230974133
1592,eco,10.004762662849599,27.259335513538783
1593,eco,7.271606586555885,39.7950989307616
1594,eco,9.759678866613138,42.54119400636349
1595,eco,10.07406286776967,29.633315509090387
1596,eco,8.041013957534506,32.83767444802639
1597,eco,8.513087622015226,33.83651573537223
1598,eco,9.62378211746814,32.647316706505656
1599,eco,11.731395081452353,29.887203683615205
1600,eco,7.635472676651068,30.293506907827762
1601,eco,7.024667179658994,32.90414067882754
1602,eco,10.368934715544752,29.834755895393364
1603,eco,9.921283684646689,30.73625237352083
1604,eco,8.346721695373844,27.972642705699318
1605,eco,10.479087808741959,34.968157120940745
1606,eco,6.680639223491155,29.51589282271298
1607,eco,9.812956795443258,36.20979725929914
1608,eco,10.908670538366446,40.405352776946295
1609,eco,10.584019680734443,32.328543444401525
1610,eco,9.221398323189504,30.882040895188815
1611,eco,9.071481977908418,39.16097388136353
1612,eco,10.584080003169237,30.86711226252786
1613,eco,10.38215389773317,30.75149187607529
1614,eco,13.049667381471968,35.17016588788259
1615,eco,8.578575315475275,33.09510915617345
1616,eco,10.363923329403706,29.29044684432977
1617,eco,9.769205903767924,40.21683327429053
1618,eco,8.597718703255651,35.48845175108863
1619,eco,11.408970578926464,38.57207355149859
1620,eco,7.845967659579756,29.344071855577933
1621,eco,10.577065152100399,28.502116282186545
1622,eco,10.644679053834645,32.83022715928985
1623,eco,9.648415700528133,31.915724994584878
1624,eco,12.089167380717367,31.17121282699722
1625,eco,8.578761696953078,42.848404450905065
1626,eco,10.291474341951046,24.629161366535737
1627,eco,8.0936054001836,27.31558435318572
1628,eco,11.801806909281959,34.17674352004933
1629,eco,7.9252717038030855,28.43598313845896
1630,eco,6.282618606109469,30.979902914343896
1631,eco,9.373757955150749,35.568231686810776
1632,eco,8.710959385717748,35.56612886358428
1633,eco,9.277305649509573,30.199964778288212
1634,eco,6.026333888239989,31.28761481298059
1635,eco,8.964240862679638,37.072438787427586
1636,eco,10.49806299952737,32.01850307871775
1637,eco,8.63861460037291,28.76761493713031
1638,eco,8.448462848215454,42.32541245102662
1639,eco,7.360718638910882,27.208098678741667
1640,eco,11.365877983037802,40.21119332547018
1641,eco,6.742802765783083,39.229459592782796
1642,eco,8.60207958280815,34.719927076290745
1643,eco,8.833107189934061,27.055780337867002
1644,eco,9.08717122016322,32.70797780491779
1645,eco,8.443210671051098,33.998093557625104
1646,eco,9.957201998727758,36.75491673988341
1647,eco,8.217377264102424,34.39573349520664
1648,eco,8.571467330184335,42.17075880946504
1649,eco,9.203379203563275,29.086708111082487
1650,eco,11.38975612377993,26.512362049308198
1651,eco,8.724724331151572,32.01655139098744
1652,eco,9.911285698815139,36.807302271877695
1653,eco,7.051222921236993,27.662254588300897
1654,eco,8.427598490789274,25.096779598857374
1655,eco,9.640183722728732,35.410768800390805
1656,eco,12.1485512137732,26.12385898863091
1657,eco,9.175778025323943,32.68307023038897
1658,eco,10.943525539957806,38.77100627576451
1659,eco,10.984672725219054,33.221087741972774
1660,eco,8.315648822387015,25.10725624569065
1661,eco,10.605070189844547,37.121587296341914
1662,eco,10.3622389979852,28.449547755420667
1663,eco,8.917174252141946,41.09698957956347
1664,eco,8.360049572873116,19.210485814079206
1665,eco,7.564256769925345,33.44162402348908
1666,eco,10.601998369060961,29.99285363715513
1667,eco,11.542841767971314,35.00706896159029
1668,eco,7.985802794005016,35.636673350397906
1669,eco,10.021826261426792,27.000040971361415
1670,eco,9.835798563741713,19.327238144908733
1671,eco,9.658410750886503,28.813625258544718
1672,eco,9.168131104514645,29.33520784659905
1673,eco,9.557549453896122,22.32952958814169
1674,eco,10.306056695387399,42.533136868741195
1675,eco,8.65856087461394,26.684725003389048
1676,eco,9.92280260843779,34.45467461373078
1677,eco,7.831479992271454,33.34812309996536
1678,eco,8.43254652927494,35.08859126867449
1679,eco,10.554240992939118,40.975979028521934
1680,eco,8.164717066898353,32.79905067804803
1681,eco,11.44294833166465,34.03439476077264
1682,eco,8.543137617320102,26.928025909053684
1683,eco,10.206524689441567,29.772072238223753
1684,eco,8.043108840683036,41.86389928895665
1685,eco,11.84961442807477,32.88621985332947
1686,eco,8.545504828254467,26.04399236125403
1687,eco,12.059710238300738,31.626958395102836
1688,eco,8.239618122392063,27.489438503613002
1689,eco,9.311527015287018,29.44085439394083
1690,eco,11.461158923654747,24.955729417006932
1691,eco,7.433297941914275,31.147024619134058
1692,eco,7.085321286682816,31.65121961231786
1693,eco,6.919792284752237,28.70237299791407
1694,eco,10.452192473914389,31.958485400887408
1695,eco,13.131949721365409,38.33907870450982
1696,eco,8.194351090763433,30.078285070691404
1697,eco,9.869264686744323,24.811391719229423
1698,eco,11.65937875634032,33.02421101331516
1699,eco,9.635125890829494,36.00261274092108
1700,eco,8.997507436561104,30.819905053545035
1701,eco,6.880784262451957,27.38227447786347
1702,eco,9.10160879805151,34.58699213837276
1703,eco,8.55501067926681,36.185600002650425
1704,eco,11.297025175785965,37.17819471114917
1705,eco,7.948728983875099,22.45940209670612
1706,eco,9.836978237164207,27.87680557328745
1707,eco,10.912709223951929,27.553435195675156
1708,eco,12.443096417604794,32.57209704380564
1709,eco,11.020314915529317,31.154016928592828
1710,eco,11.315750054758524,30.959992954526335
1711,eco,9.971195053520479,25.189674712569406
1712,eco,7.67606948313361,32.162349685152435
1713,eco,10.971908060435041,34.16423942528575
1714,eco,9.629601005072669,32.26676903926521
1715,eco,8.891598913362657,29.57779084416313
1716,eco,9.077674150258293,29.6069461438537
1717,eco,9.830487737209497,26.70147747951914
1718,eco,10.108817786154217,31.875147962725368
1719,eco,7.906059972735231,31.870698770743793
1720,eco,10.339486720594998,30.24893923835154
1721,eco,9.626398355802305,29.210467973371212
1722,eco,12.054919937377617,32.01299841005531
1723,eco,9.679810759756007,40.681819183805494
1724,eco,11.594957330850718,33.671750666397685
1725,eco,7.629074703122322,36.24589990052902
1726,eco,10.930566533558807,34.689315529417144
1727,eco,11.409241852924605,40.92361683230889
1728,eco,8.262108983322936,32.513710842421844
1729,eco,9.401023694027485,27.103265028859973
1730,eco,10.067803843772374,30.052304049954078
1731,eco,8.738065054379254,32.65944989663902
1732,eco,7.887065821214292,31.87381967357316
1733,eco,10.296455565953657,30.259760283961338
1734,eco,9.748871176861556,33.557852684413355
1735,eco,10.233002839149629,32.82663829468383
1736,eco,8.86381511626416,27.635749275342107
1737,eco,8.122907466821687,35.84035021163168
1738,eco,10.487575157124725,47.308743397914036
1739,eco,9.766998498725595,37.676685792963575
1740,eco,9.374647716093634,33.53896230690071
1741,eco,7.193221356230106,28.658448434992636
1742,eco,10.681018438945971,37.23109097849764
1743,eco,10.347446438910772,27.313021731806053
1744,eco,9.58822648161258,27.25537428547347
1745,eco,10.08952137070602,31.24196652777655
1746,eco,11.650545309314913,25.834168140524095
1747,eco,7.643309638709411,40.318832063663855
1748,eco,11.047592866756608,31.149861469308743
1749,eco,10.26130949263231,30.13466519219584
1750,eco,7.4524348789185035,41.189926925569814
1751,eco,8.521332795750654,40.07954849939547
1752,eco,9.535809206639863,28.07518897613144
1753,eco,11.137100853724611,32.26148621598338
1754,eco,9.128833696487806,29.263772858147178
1755,eco,8.17006297271376,33.67663532761028
1756,eco,9.154974789781791,29.87132717419525
1757,eco,7.681432623406044,35.72444093534472
1758,eco,10.938171483701979,31.838202118347514
1759,eco,7.2782182350504065,34.98814486088013
1760,eco,10.228315446042323,32.13087890540892
1761,eco,10.317090738808,29.577357870189367
1762,eco,8.104268558376233,39.384322796993615
1763,eco,10.054997792865185,27.27641320322489
1764,eco,4.565368905655346,41.566077029678105
1765,eco,8.259633897616746,26.9454876925541
1766,eco,11.257836777797175,29.671528858864058
1767,eco,7.622075734103127,38.307228288787066
1768,eco,9.89119181035658,31.907204899675932
1769,eco,9.019061818545369,29.126092583709845
1770,eco,10.96702553465545,33.54301780202341
1771,eco,11.50871822136604,31.903158518162893
1772,eco,11.115419269541349,37.21900364205533
1773,eco,8.681159326266108,27.41038558298665
1774,eco,10.950215946383333,31.68905774756127
1775,eco,8.340487314965628,36.70150354432455
1776,eco,11.052554612634644,27.544415662224544
1777,eco,10.016473356845085,40.81992232758914
1778,eco,11.386862008306093,32.91452597606513
1779,eco,9.728049936494605,35.11617960898039
1780,eco,9.52031494971626,26.963824869687965
1781,eco,8.514077783145554,29.483697821302016
1782,eco,6.956365015759745,36.53354595197169
1783,eco,10.042423307952836,41.39942564002564
1784,eco,10.868901223272893,25.258807181392957
1785,eco,8.878892228904926,39.33163032444461
1786,eco,7.5783997924094,31.79643103207209
1787,eco,11.13365159447222,36.84251500132683
1788,eco,8.93652635899715,28.7165003243581
1789,eco,9.752385294637818,29.842818729474722
1790,eco,9.173103527697352,24.42530732335713
1791,eco,9.746776036180584,25.866682269352026
1792,eco,9.571850950962315,32.74375535189982
1793,eco,9.02186714051986,38.37335036429831
1794,eco,8.338653284091553,40.374079067273236
1795,eco,6.33605735846261,35.78727486341536
1796,eco,7.66012401023749,35.80665910592242
1797,eco,10.329889891436071,36.5093422122806
1798,eco,11.362376099529234,39.76524246605097
1799,eco,10.42825562245157,33.202051786983404
1800,eco,6.7411689450912675,35.15470982082431
1801,eco,10.503376628470777,29.256649926389855
1802,eco,9.843938703987657,24.114128491197654
1803,eco,9.571139880527065,30.09904210406007
1804,eco,8.825432131033041,39.9268333621043
1805,eco,7.805904089837815,26.087670085100044
1806,eco,8.362728265540456,36.39098851510997
1807,eco,10.353955935414131,24.49324315688502
1808,eco,10.023833750497765,37.222217207948006
1809,eco,11.448690565747427,29.769284439387697
1810,eco,9.167188479403954,37.41741384180048
1811,eco,8.184313939260072,23.50988535007746
1812,eco,10.510535075533113,33.50836488474448
1813,eco,9.646764767242498,34.076194574082685
1814,eco,10.00230028971998,26.59127799679036
1815,eco,10.634651396617233,38.06640875485645
1816,eco,12.02992998398547,33.020082492747
1817,eco,10.591384134464576,34.74816264389958
1818,eco,9.01988526395432,43.72176012251538
1819,eco,12.117329620264552,31.36654912631476
1820,eco,10.767085601065505,29.192953646583238
1821,eco,8.598061421293028,39.984102239867426
1822,eco,8.903380718302714,27.245775515457396
1823,eco,7.936292990664585,41.009365539988536
1824,eco,8.473935462430044,31.285488801435125
1825,eco,9.681840671767095,33.566809674490685
1826,eco,8.540537363958224,28.14270611414456
1827,eco,8.944856635743573,22.519332848731995
1828,eco,10.597136134236829,31.940393268211945
1829,eco,7.643743349674582,22.225950357407918
1830,eco,10.76838704925824,40.96596353923886
1831,eco,8.127468195273925,31.90651291844941
1832,eco,9.928293347442716,29.138167693360437
1833,eco,11.177312586201763,29.588806612510293
1834,eco,9.708573182480155,21.086563606516993
1835,eco,8.21068009320838,23.436140775099496
1836,eco,10.009167861226297,29.43632315840262
1837,eco,8.89845003154963,33.81981231120883
1838,eco,10.483830128014587,31.050263421340738
1839,eco,6.749351501741518,35.07911951931278
1840,eco,7.403399774556263,32.721471865429116
1841,eco,6.978619372045141,36.61120732812853
1842,eco,9.325947203880121,34.286837649606994
1843,eco,9.048075497248657,28.5233930670777
1844,eco,8.30182879320862,27.39788651992496
1845,eco,7.369654633358654,35.427216426776965
1846,eco,6.314538461501419,26.436730130221626
1847,eco,10.390981550398939,24.504455094570943
1848,eco,9.16192034402479,38.38599624405364
1849,eco,10.048221424525078,40.92999010913434
1850,eco,8.921079874199693,32.24753820987228
1851,eco,10.377091921908308,33.579851980876306
1852,eco,8.31571839882696,30.201864963690433
1853,eco,9.381736406707137,29.68783385468719
1854,eco,8.519769331082209,25.948157364718668
1855,eco,7.931113137070366,29.610592545056516
1856,eco,7.355938906669085,33.82498953829311
1857,eco,8.070759215170844,35.85036914037782
1858,eco,9.065646708271338,29.714153470920166
1859,eco,9.925063974671462,32.702048105461174
1860,eco,8.808693137330648,30.812608536368394
1861,eco,8.949424623590438,34.7365198504892
1862,eco,11.461600607214795,32.57331599363594
1863,eco,10.826217163322232,33.35422527253886
1864,eco,9.255643282729233,34.60842385330584
1865,eco,8.135482188009458,36.05805251656692
1866,eco,12.355930586948954,27.700502507416356
1867,eco,12.65689057375956,32.235033025234266
1868,eco,9.986362230500431,44.295433145380755
1869,eco,12.223973883166831,33.0531746967114
1870,eco,9.592986208143692,34.81220527501692
1871,eco,7.339017618293967,37.137676605860676
1872,eco,11.47211749061041,29.45365451563646
1873,eco,10.131677506042932,33.21849992092679
1874,eco,6.908133155393407,27.93417513302868
1875,eco,12.489140225516344,35.118672233609274
1876,eco,8.194471651292357,30.328905865088842
1877,eco,10.265231317634134,31.61501910255021
1878,eco,10.05109848783746,37.858484633092786
1879,eco,7.936290461993187,38.6180265515886
1880,eco,9.847346512199906,39.7886752665074
1881,eco,10.351495654606683,29.46364825466254
1882,eco,10.195313334042016,34.16166959814472
1883,eco,10.710150395152299,34.06294284135656
1884,eco,10.995620860325282,23.923921048728054
1885,eco,9.248405046956004,30.977166089562523
1886,eco,6.429124542301371,30.84271582687183
1887,eco,9.49904698822181,29.938722483413947
1888,eco,10.020455567529414,27.34644424294754
1889,eco,8.626825097926844,29.294165061358132
1890,eco,8.89992048287984,28.46631698289016
1891,eco,11.469089511495664,27.166469580551503
1892,eco,11.442011702770778,34.33477617143397
1893,eco,6.495803773020796,31.84685443641101
1894,eco,7.500456961294631,39.6593533493694
1895,eco,10.694880741545088,36.40371821621131
1896,eco,10.15637036695112,28.68636583929861
1897,eco,9.393507789422598,28.058611659893668
1898,eco,8.669179822509562,32.9108882152019
1899,eco,7.952665363225423,33.304810538734166
1900,eco,10.155348655371949,28.766237963758126
1901,eco,7.921858314116182,34.04878460098945
1902,eco,8.739992330544759,40.51823793188026
1903,eco,10.731577738668612,30.828515942154752
1904,eco,8.54896250791515,35.0854441303225
1905,eco,9.48233553416854,35.313549577675744
1906,eco,10.583007790621986,32.07578916814755
1907,eco,7.530707317901819,31.521816981232153
1908,eco,10.740874060003092,29.86612726594558
1909,eco,10.428059963950476,22.22236686616612
1910,eco,11.550533684422954,31.187967385297636
1911,eco,10.768785045947913,34.18302296049039
1912,eco,11.523543891344021,18.589178276528976
1913,eco,12.275697826201046,36.11389269383707
1914,eco,9.023440533542715,33.60319650065137
1915,eco,11.008853369034444,28.011373214571844
1916,eco,8.518418860703441,40.79470717752207
1917,eco,10.444277561493656,29.249426204880194
1918,eco,10.039742713794329,34.828959470441255
1919,eco,10.671627792473634,32.17707923288433
1920,eco,9.744754011402124,34.92274146413734
1921,eco,8.40047602173115,34.50025153605567
1922,eco,8.948098838250704,29.338214114356813
1923,eco,9.28384633014427,27.266235317089876
1924,eco,9.607647390574536,36.325346341419326
1925,eco,12.539236747210698,34.12963629622559
1926,eco,9.895837944154401,30.248629011007388
1927,eco,8.897937918551238,40.110418845723956
1928,eco,8.850190118291952,28.04889404214626
1929,eco,10.978286597854222,35.88956422027221
1930,eco,8.409774604432847,26.812182641410132
1931,eco,7.087762396840626,33.235623690774894
1932,eco,10.284760788618314,27.84998848262753
1933,eco,10.447463387545861,31.466179382724803
1934,eco,10.730623748286948,30.81997936864146
1935,eco,10.172059671810665,28.00484329626299
1936,eco,11.662442657499325,27.446372316296248
1937,eco,9.661855011366816,28.35875391533276
1938,eco,10.899142712242167,36.68180904107155
1939,eco,8.968504673986612,31.23685860243244
1940,eco,9.495485377040712,24.330189258781303
1941,eco,6.796352873588314,25.196551563634767
1942,eco,6.921712144444475,22.74767349020324
1943,eco,8.66679929461028,29.87604061820822
1944,eco,9.070459732842291,27.844555998636565
1945,eco,10.155285736427956,27.3865838772949
1946,eco,10.440355480133432,32.57044073110355
1947,eco,11.10528421550389,29.5296921075357
1948,eco,7.89135388450384,39.64863450530049
1949,eco,7.868182706462388,31.643236423021122
1950,eco,9.949543453485894,32.65506959899383
1951,eco,7.38698347474924,34.49437853153937
1952,eco,7.543305067164412,34.69004081362736
1953,eco,8.946856140063677,32.59470976891794
1954,eco,10.851855664972732,23.719548660895462
1955,eco,7.547180769177311,35.3868708249571
1956,eco,8.56402629812888,21.9073459030787
1957,eco,8.698451414943452,40.970992426459105
1958,eco,10.89539437174231,31.331377943224723
1959,eco,10.301166280150607,24.089191041211933
1960,eco,10.48777478991296,26.083866875931676
1961,eco,6.774869661565884,30.360880638135118
1962,eco,9.185009350078696,38.143284791880234
1963,eco,10.16001145522217,26.848903694317883
1964,eco,11.12696313565062,32.040166096831435
1965,eco,11.461959701668153,34.05340008662866
1966,eco,8.090213213923008,34.06233800500455
1967,eco,10.608454222791053,22.86647933234793
1968,eco,12.487362896877865,28.71614801530569
1969,eco,10.257142071858002,22.59757077457881
1970,eco,10.13116105209766,38.182366325488246
1971,eco,8.186498572971571,27.93043189727965
1972,eco,13.737852378743701,29.59331640475955
1973,eco,9.1044189074902,32.71583230656121
1974,eco,12.04744289117487,21.79792393074888
1975,eco,9.053895942864758,29.76589764914583
1976,eco,6.536152509947927,27.911303312492677
1977,eco,10.902114011961233,30.121079727537882
1978,eco,8.685378828028703,30.88046204418059
1979,eco,9.423808130663087,31.392505758261166
1980,eco,12.78157788631457,39.98697672141394
1981,eco,9.833870907496909,31.629296599648935
1982,eco,8.051558925417183,35.71032376412537
1983,eco,12.359091137860513,32.55743502515682
1984,eco,9.80932091159216,29.353084071365785
1985,eco,8.624986274230734,33.731077733945426
1986,eco,7.346664613778466,36.64688914106793
1987,eco,7.238565775829901,29.604616663039412
1988,eco,9.185352206447106,35.10976314855928
1989,eco,10.196822616832858,42.19199712721961
1990,eco,7.386268969811134,30.748579734988386
1991,eco,10.881699123169142,30.44651500630701
1992,eco,12.320181751115665,39.03816122549612
1993,eco,13.005675357796687,31.814973513251438
1994,eco,9.534007333118463,27.32199145698165
1995,eco,12.071809103236937,27.679788107686498
1996,eco,8.676119433316895,38.696217144293
1997,eco,11.345091950596746,41.65670952997105
1998,eco,8.07876561613816,30.204899906915376
1999,eco,5.694129011717495,19.313479590441602
